-0.02231067911760235 , 0.18263100249730238 ,  0.6454678189446187
-0.21810443890147402 , -0.2368305855524265 ,  0.2611968898537825
-0.24973210825319875 , 0.2986822968148439 ,  0.4462071569670915
0.2537712072000658 , 0.25946784244700566 ,  0.37903889099344473
0.31999065205432026 , -0.11269614733307463 ,  0.28985508336117966
-0.2708049580427098 , 0.6563939608244665 ,  -0.08247271427529039
-0.03160574557224842 , 0.6028686083667606 ,  0.38701035825860886
-0.36931426974324344 , 0.4343497058649929 ,  0.4515031300578691
-0.12231670416206562 , 0.480806482644942 ,  0.6157260360513601
-0.5288850037576782 , 0.057841318056326176 ,  0.9651324227895389
-0.026149496147677472 , 0.5706273682486195 ,  0.8688468120517707
0.10104275503450681 , -0.36363516038095367 ,  0.7382600664868895
0.014641770174837497 , -0.2881789565835685 ,  0.7652524709589087
-0.5741513283332275 , 0.5156810604906741 ,  0.6265641242180764
0.484098992860336 , 0.17159334767294102 ,  1.0178017869575897
-0.5296464906488958 , 0.5806223720313818 ,  0.06697834800805058
0.2660635510008627 , -0.06107075617064046 ,  0.2385180074853812
-0.35013718745296 , -0.027807361511146142 ,  0.578167340218507
0.39337538679801903 , -0.1067981649085866 ,  0.8109832176650131
-0.3620944140917872 , -0.360159050270142 ,  0.12171300317993511
-0.655859950888921 , 0.33002923115266325 ,  0.6471037091522485
0.26289780891147335 , 0.5833502888961949 ,  0.16952711328298192
-0.07444427310971935 , 0.725321458506662 ,  0.24341672262297592
0.13255894414983063 , 0.15567998717248188 ,  0.8849038660975458
-0.4618223592884675 , -0.05749697086486036 ,  0.894543102277085
-0.1026484670466176 , 0.08713927182097023 ,  0.5695000388030307
-0.3473136714643349 , -0.2386430496479704 ,  1.0244208059000086
-0.10571738876749051 , -0.22387316908909155 ,  -0.026857099350968416
-0.1655554471701561 , -0.5576821383856191 ,  0.41371515110147605
-0.4888411640599024 , -0.21683647569271214 ,  0.6749056268361191
-0.25403553391737504 , 0.6463607764348707 ,  0.6921113092605411
0.20016729819016535 , -0.12586167825577435 ,  0.6529217968645679
0.3275985545947872 , -0.5630964387560297 ,  0.6750879788401257
-0.4681871564945361 , 0.20004370159768728 ,  0.95532359376559
0.41097433463778543 , -0.7337210077082433 ,  0.3706060928113208
0.270326401070113 , -0.24970713521690002 ,  0.25186521250768984
-0.24537457117382594 , 0.41353892989782287 ,  0.8476286133494441
0.4020745766696593 , 0.10984194814637942 ,  0.8845909279401882
0.2627939303096905 , -0.24435540706507308 ,  0.13069779877090323
0.1153748804253746 , -0.7221836037704741 ,  0.5657243000310191
0.25440298580457715 , 0.4723171237770328 ,  0.8799769911329184
0.3618266328350655 , 0.7407230582915452 ,  0.1687175101163751
0.41866986572814346 , 0.1285168611691126 ,  0.7733919090803995
-0.328967225690415 , 0.7376234992453461 ,  0.33323457605887596
-0.15002401546977778 , 0.15840948194307797 ,  0.18035487462443028
-0.05107978313501668 , -0.35642718926551903 ,  1.0697342069722084
-0.4512143232414145 , -0.2791178894194925 ,  0.2848858013222507
-0.10536152913717742 , -0.455521070274849 ,  -0.052854485536382396
-0.152125324011527 , -0.23777977300583436 ,  1.1027732320371362
0.2919541607964068 , 0.17601536221279618 ,  0.8095272806463131
-0.22494974412868396 , 0.08282886145609118 ,  0.44181044573371125
0.3429039558950999 , 0.34396890214300324 ,  -0.2066008230945051
-0.5998726900651559 , 0.1471168825389392 ,  0.36961190425327367
0.10825070320342688 , 0.6409093610051566 ,  0.7335492909400738
0.587854057957783 , 0.33231094436777703 ,  0.5072472744657635
0.3097586045059343 , 0.14341781321814606 ,  1.0936821819062543
-0.7380953886271719 , -0.12522920393955572 ,  0.7420811330990416
0.30051029024308723 , -0.09740314216080243 ,  0.3592871922125689
-0.4356706416930277 , 0.6723559911473992 ,  0.13387558588332768
-0.5145836654778713 , -0.5567515689168938 ,  0.47492976469168574
0.24301383792276057 , -0.03716451058633866 ,  0.9665548854951802
0.2604551762519116 , -0.29502389112916905 ,  0.9825129850774268
0.15647495514314907 , 0.24128093210789628 ,  0.9674522359879206
0.38078780179986976 , -0.09117557553947044 ,  0.3962418345801131
-0.2092792111543108 , 0.22251265946740004 ,  1.037010903843797
0.2982378017329034 , -0.02706501833833163 ,  0.046541882498687265
0.06422372812491155 , -0.299170855347957 ,  0.5205352532041689
0.2462997832362091 , -0.1057645503795003 ,  0.4517617859088084
0.4975972632616337 , -0.1372083300666423 ,  0.9045196705593254
0.15776401780661997 , 0.4626850640907014 ,  0.1704530385174472
0.0259655993697559 , 0.29290142749972264 ,  0.2021673250984032
-0.1404096302729443 , 0.1650837396629738 ,  0.45343764869098646
-0.18818129368165964 , 0.46063845007540494 ,  0.7146520129779426
-0.8349067920105177 , 0.14793722818534813 ,  0.24028882792421133
-0.09703406230810778 , -0.23797198604076017 ,  1.0259192910348183
0.0695653929484393 , 0.5500706047882358 ,  0.7732091289859229
-0.7207152565405892 , -0.20440148227487442 ,  -0.05955170451213132
0.02487216349890009 , 0.3734903657663404 ,  0.8369409954207794
-0.6912445168913628 , -0.07357897089030288 ,  0.6934750264256656
0.01669293933323728 , 0.19677762090558684 ,  0.9193296894274445
0.40255753157678875 , -0.552537984255431 ,  0.20338010215330388
0.31542280183476734 , 0.36526361350423153 ,  0.5212268846484636
0.42258440020560206 , 0.2626255555248101 ,  -0.0857052287278881
0.38706917552290127 , 0.5752866867002551 ,  0.40133697497067533
0.21120363659067096 , -0.6962058430646437 ,  0.3399681031967501
0.09488809683117008 , -0.6011641369276788 ,  0.5813438491289837
-0.05999334203223408 , -0.08192310658417686 ,  1.1654241991944971
-0.17411104464977706 , 0.22438115678167672 ,  0.48630744924348357
0.025570973899368302 , 0.06586547627243892 ,  0.51995891013495
-0.3966387162064459 , -0.5968710424650343 ,  0.054960266681519716
0.33517833022325877 , -0.44016465296062807 ,  0.8536119965147351
-0.1484748867113871 , -0.010884331274790285 ,  1.0304655311252413
0.08457360198426948 , -0.2009529344107998 ,  0.2748844887446866
0.6664908644735587 , -0.16121117019874662 ,  0.6358844994546959
-0.2560099664823543 , -0.0032654361917974673 ,  0.15285473363114435
-0.2586416989017529 , 0.23146689003599413 ,  0.2698387355250983
-0.2443099042105858 , 0.3063745754343444 ,  0.595102062037004
0.5734585320216807 , -0.32995226729253 ,  0.043452907809745256
0.2279006310256506 , -0.48974192623996915 ,  0.9387923609571384
-0.2667622410162987 , 0.3866741293124965 ,  0.9699419236748598
-0.19135144591326142 , 0.4308563110968709 ,  0.9974679538939815
0.2847315371919271 , -0.002681053951302208 ,  1.1263250330944923
-0.5100635239373883 , -0.5334753599885275 ,  0.1874344254239508
0.3863572718212806 , -0.34235072340958234 ,  0.703092680515079
-0.4430301511765093 , -0.11889590309295285 ,  0.44220888888439563
0.536068322190469 , -0.0857283778073386 ,  0.2394232300251795
-0.4570338704948437 , 0.3926114960639159 ,  0.7913337551764319
-0.004677983025057869 , -0.26778079390248055 ,  0.1104675836627898
-0.014676063481685646 , -0.22995666001496706 ,  0.1400595333213948
-0.10409873495390831 , 0.22868818635868204 ,  0.7983871652272946
0.12339983117591405 , 0.5586918380678049 ,  0.701678847041369
-0.03261627742653746 , -0.7188135204482176 ,  0.3966977713475996
-0.10116923348663079 , -0.3332808387111225 ,  0.1596566276409383
-0.23877686643775353 , -0.10311087071386738 ,  0.14728524497365997
-0.6350833393531525 , 0.21252480346176286 ,  0.5961383463899448
-0.22482720956030516 , 0.4296551999448338 ,  0.8064307176479159
0.15674020090659074 , 0.1205577225940114 ,  1.0972705025067915
0.5259896448676796 , -0.3529117694606527 ,  0.6955874878768473
-0.4345341516059352 , 0.05019388664822883 ,  0.3773638914584925
-0.2430056482555325 , -0.024964630984204313 ,  0.9482366139162296
-0.26671706965917763 , 0.34278286033119376 ,  0.44831434092996675
0.2066900525205906 , 0.24977436893615082 ,  0.7560042928343086
-0.2651745973572149 , 0.69530161456106 ,  0.5951994536942546
0.1838402527860634 , -0.4194184475796952 ,  0.9743062307310676
-0.031127144265478295 , 0.021949976612563316 ,  1.0778068934032037
0.11044756009040965 , 0.7813678376794797 ,  0.54085957441653
-0.07477879852902905 , -0.39660911436177493 ,  0.3532119036259188
0.20685240178491685 , 0.7895112365647559 ,  0.38029199987595436
0.11276833744863901 , -0.3173070910633083 ,  0.9405473319208674
-0.08059037659997527 , -0.7125955386198035 ,  0.30102918047025223
0.2517668880856577 , -0.680306323157926 ,  -0.004106106152144455
0.3040858859627508 , 0.4627739838714883 ,  0.7655354818082374
-0.1950681322730229 , 0.46580921289781524 ,  0.5949595813060957
-0.09499170301131443 , -0.24170533921701665 ,  0.35887048788070125
-0.06957970744366863 , -0.24150901927955484 ,  1.0970472504566777
0.009515243069244644 , -0.5192346744022006 ,  0.028379873387907775
0.172179461764996 , 0.22922508127376898 ,  1.1139653662260436
0.6642010922067871 , -0.217221406016913 ,  0.4169799365350606
0.36086153889932515 , 0.3320497478216595 ,  0.9451738864712097
-0.5170315836610834 , -0.15435041951580372 ,  0.2508460561778233
0.3043202970947178 , 0.06512039456314102 ,  0.14917079023003443
0.19371278880793305 , -0.23434738712184613 ,  1.12404284548845
-0.31138015443180844 , 0.19587547097550373 ,  0.683048121339461
0.11264878463023503 , 0.46964901586293034 ,  0.8539791201150919
0.7823998401685387 , -0.074857204597371 ,  0.42836087910051446
-0.26860946628153326 , -0.04238586309033973 ,  -0.19940843055802582
-0.38807644096135124 , 0.4184177876268081 ,  0.4134002690842977
0.05559421926234024 , 0.47297678645759156 ,  0.33783220475453174
-0.10397789763679426 , -0.34606539102691536 ,  0.22168541457515756
0.28583501076223017 , 0.19995046784829734 ,  1.0609657220575825
0.25858743050522176 , -0.3998727406923666 ,  0.6639803918184672
0.00043717238907078904 , 0.5257176918620728 ,  0.5281172483534189
0.3277577708656384 , -0.08630393789861499 ,  0.14809630630927215
-0.4375476655420874 , 0.058725072599862 ,  0.1327632729451765
0.21159758665679687 , 0.45528181404179524 ,  0.9242497304465365
0.007860807860094368 , -0.1581045491334964 ,  0.1276969348234823
-0.5524476033578768 , -0.35633078804603935 ,  0.2565279847271568
0.04662955944035243 , -0.41402760375039266 ,  1.0744004397863631
0.5917711939180724 , -0.05850783172736354 ,  0.60130772892231
-0.20445948312364404 , 0.047087337103758675 ,  0.9241227486723547
-0.450341312014746 , 0.43924704867412595 ,  0.8677630151486452
-0.06176903754514693 , 0.2109826275165995 ,  0.14171563321197916
0.21819111231849644 , -0.8121459714660756 ,  0.48464721625796947
-0.060042048903228125 , 0.055445375906483844 ,  0.0038988762767519225
-0.02767623693599928 , 0.43052621716367895 ,  0.380779150471216
0.11949329752141849 , -0.5688888453349922 ,  0.061786277187367136
0.15354566621641805 , -0.3346238659099281 ,  0.5333604074895897
-0.19009758792439008 , 0.3213647985741004 ,  0.5899038255213057
0.22919820420687653 , 0.26345435057201916 ,  0.8073806725572169
-0.15107242288902978 , 0.6123086816122505 ,  -0.011590763631161023
0.010019753154708974 , -0.234659964740181 ,  0.007334709641219857
0.021406246106676928 , -0.5766828603560732 ,  0.6624960477876866
0.2946626850733913 , -0.5080859884975835 ,  0.7126755245875571
-0.6348645330907083 , 0.35317920312865825 ,  0.6690210333297852
-0.04915294715603909 , -0.3898283736325275 ,  0.8644328337809388
0.3194307970741081 , -0.31103558997980957 ,  0.6544206747544574
0.20183332227791104 , 0.5297641378709077 ,  0.5569335095049412
0.09479283078009829 , -0.6129131924573405 ,  0.05026044635810228
0.18452317242206973 , -0.4360638850316668 ,  0.3587633787373879
-0.5521734342589876 , 0.062104510406505956 ,  0.2703939708322217
-0.4364935461187527 , -0.32149092816810854 ,  0.9307890382225235
0.6214472009056206 , 0.19374964702129494 ,  0.39051765268912014
0.4805837975791566 , 0.2875580186715964 ,  0.5977578213291089
0.16503764519022102 , 0.7268400528240722 ,  0.7440117852743204
-0.5963412545864383 , -0.36821717070679044 ,  0.6119640154121904
0.034858443759442595 , -0.3421882669112646 ,  1.0274811900659788
-0.42433948219023976 , -0.510381728596698 ,  0.6381669055763503
0.09888158704683787 , 0.23308899893894036 ,  0.6949927092477846
0.7409584535419257 , -0.26534270680542976 ,  0.4469043410805277
-0.17787190038140968 , 0.05757298587129226 ,  0.32818364914014586
0.1770007284499051 , 0.18754917651589098 ,  0.6025805645580584
0.36413070016528326 , -0.3849385965111218 ,  0.32251789387234114
0.4502743474665392 , 0.1839143275818472 ,  0.9579784622861738
-0.2146999039459297 , -0.1300907345930076 ,  1.0677937501154573
0.23643282157215273 , -0.03458428248915941 ,  0.9639004469180457
-0.02707512927536921 , -0.4606582129536993 ,  0.7590048548392746
0.593627268461733 , 0.08211430005081327 ,  0.2979874737773461
0.06721254441330729 , -0.15765331680724323 ,  0.15997654983187914
0.2309851275822785 , -0.1867712878500932 ,  0.02606083524152937
0.07266313213230559 , 0.08359477246764963 ,  0.9109065778284237
0.5005528280170325 , -0.5215858455408049 ,  0.6654859776059004
0.029583081607997518 , 0.1822205811575972 ,  0.9426803785646235
-0.36900445614999927 , -0.3941443860065511 ,  0.9354100411881998
-0.2040755950952694 , -0.21643781598350098 ,  0.8678090052082221
-0.3055929080224172 , 0.1535856416027838 ,  0.35720331177513476
-0.3229075410455253 , -0.35430894797467855 ,  0.2575656179658321
0.25017533618712184 , 0.544147869617611 ,  0.6357715767922655
-0.18480988151760447 , -0.5830191695655987 ,  0.9233517524812348
0.528888358489265 , 0.310172157388602 ,  0.7371383370230429
-0.3035060500622382 , 0.5770634400888612 ,  0.6552601533210234
-0.7223480050883189 , -0.35414005334337 ,  0.11430593440658196
0.2561305549492497 , 0.27393818154242805 ,  0.5738628146270113
-0.3440870261566562 , 0.5032338183119812 ,  0.7965115787873185
0.033685731066139424 , 0.35201521358581195 ,  0.5031288840540137
-0.24891359650767433 , 0.36947871057576315 ,  0.9150085685442815
-0.1330436261485496 , 0.37659870103650206 ,  0.0944943283229623
-0.0304138464114889 , 0.192811633993483 ,  0.40935151146918164
0.4015513957439939 , -0.37461098885958355 ,  -0.036950283193842234
0.09542692094334057 , 0.19852762227079324 ,  0.5171607713231268
0.07199222966535015 , 0.14627338311675694 ,  0.9863108995669351
-0.08046078330662541 , 0.5129127850900992 ,  0.3288204257691476
-0.26720009912396603 , -0.21847969244934398 ,  0.31608696586203133
0.0772588477600312 , -0.638009378158758 ,  0.3282808132167734
0.6553149687667686 , 0.3906592349834315 ,  0.02346223473430148
-0.07815983150104937 , -0.4519518195121253 ,  0.06958855635367173
0.21319686094449852 , 0.5879867897527944 ,  0.5854326021589723
-0.06821828026107822 , -0.1874046420668436 ,  0.3995364745407749
-0.2587607187783631 , -0.3693392578632582 ,  0.37542302265002686
0.13567458712993835 , 0.21653196408738642 ,  0.2611454452160079
0.04145191806475833 , 0.31560213477557686 ,  0.44975655340269793
-0.49627369458314363 , 0.5747590528062579 ,  0.5775500293586939
-0.10992737595817784 , -0.4004299447558765 ,  0.40494171033397663
0.3864962805852093 , -0.6371429694893683 ,  0.008456120960745953
-0.08137799701120313 , -0.2371375387449505 ,  0.40806806622713837
0.34114169406216266 , 0.6541266991456935 ,  0.10574902644439503
0.3541000585554336 , 0.5598561658572752 ,  0.1333219020943547
0.11496133387910461 , -0.15492967620135364 ,  0.9413209861976074
0.22851143267399326 , 0.3603876534166268 ,  0.27848744850741736
-0.032626630867861155 , -0.2843819175667889 ,  0.028183927768248015
0.22923648768078397 , 0.18812789920104814 ,  0.2286488241506132
0.07551211058280621 , -0.2365944475875798 ,  0.8827588773557259
0.3608728093920396 , 0.25737907013609496 ,  0.13957220954878288
-0.01367549740251501 , -0.7645621025679208 ,  0.06344110081142768
0.19196954739172745 , -0.19071379287894122 ,  0.3880213332010606
-0.05925120041005225 , 0.037502339918355054 ,  -0.0451049793237874
0.31646984864001093 , -0.29736962842157194 ,  1.0006238313521425
-0.1777312631993273 , -0.016108806868580558 ,  0.9894877600788317
-0.2481109225662212 , -0.15378576577398403 ,  0.8429191944687189
0.11738365801035473 , -0.47165049405685583 ,  0.9754373757074108
0.010965998810666289 , 0.14825507485301256 ,  0.979395312362432
0.20873279484089463 , 0.05287187307269474 ,  0.9755578141250817
0.315039478189552 , -0.018476351619850864 ,  0.4593896570247188
-0.3434093112392331 , -0.016516701657310832 ,  -0.03466841904024846
0.6902657210401701 , -0.4621440026178041 ,  0.4653991422599594
0.6868764143125423 , 0.16306978344235618 ,  0.6070314892128532
0.4523816262260623 , -0.11173240793243065 ,  0.13060263717346898
-0.07827453303029391 , 0.33716026712501584 ,  1.079582419055334
0.27837897282035357 , 0.2747487988234052 ,  0.6773628557450506
0.39040848283228546 , -0.28615751559716085 ,  0.45114924597427564
-0.371451540366918 , 0.059720654983214425 ,  0.8240306573765824
-0.36441285254363803 , -0.09645834286128893 ,  0.22894525854866382
-0.46407252009421296 , 0.3420973775374077 ,  0.6985967425440853
-0.3703138842116808 , 0.43700620396198975 ,  -0.07596613594368995
0.13190188012000786 , 0.5092501471747198 ,  0.9637855401659813
-0.03377909472309868 , -0.0750342223008789 ,  0.9183995805236072
0.008407171786714372 , 0.7276378255217586 ,  -0.010481439540273314
-0.027552887458741 , -0.6323152353099318 ,  0.5643478233286495
-0.14824591294587797 , -0.0023445801753623104 ,  0.3021238452775715
0.12786545546233896 , -0.013801593292800451 ,  0.1407485066453773
0.07868837126796556 , -0.08413016782989924 ,  0.6269370231614013
-0.0029605321421835723 , 0.31065852762165436 ,  0.9591008144398427
0.5026268989395353 , -0.03677358065363115 ,  0.9252786995536022
-0.4050552661880496 , -0.25086724014139183 ,  0.8391775247962072
0.3676018944636414 , -0.2590337036722297 ,  0.9300422624254001
-0.12226463333395038 , -0.15496379121879233 ,  0.20034763506566472
-0.5136121923038847 , 0.04116397227598192 ,  0.6273176150073098
-0.6711841072334344 , -0.14724379734937773 ,  0.48551260885842307
0.35804292197401866 , 0.4411834356347302 ,  0.24294224767974446
-0.5480241591311326 , -0.4779489819406281 ,  0.7813726488794781
0.46372795158030045 , -0.28698608584992674 ,  0.36374356993305507
-0.043021720065413674 , 0.31574552621753216 ,  0.3916916085876718
0.2921357292587013 , -0.05183981325098605 ,  1.002006446207933
-0.6665543296366866 , -0.049619828163822856 ,  0.3228612334506161
0.22481446744694156 , 0.00025550506398102496 ,  0.41396084661425836
0.024136408113399826 , 0.3222781024591187 ,  0.17884866890550088
-0.7649585294151597 , 0.01999210934628911 ,  0.22376845124480613
0.4133819533476789 , -0.2885018485565754 ,  0.043974595866830064
-0.06468941300240692 , -0.19786928822349809 ,  0.27076259249654816
-0.5193521866500649 , 0.21233583400491607 ,  0.10252123563648394
-0.23016310626617442 , 0.39921616441301266 ,  0.4513520432074131
-0.33085740688672644 , -0.7185057924194449 ,  0.28523906484798306
0.1603479443144216 , -0.5874755827788222 ,  0.315713620557926
-0.2570552200183701 , 0.04977383025078022 ,  0.22327062911386986
0.06305617753354356 , 0.15180335001769796 ,  0.9950174662581449
-0.027467908093728143 , -0.153694015898402 ,  0.8576916891024843
0.4910458258406729 , -0.3614187861393099 ,  0.35443810641359463
-0.010844639693496624 , -0.3344677730579332 ,  0.313513901752801
0.19395446464942112 , -0.5839303056153693 ,  0.8044849886739729
0.47364194502848334 , 0.6927065731477879 ,  0.437130953549965
0.503494342778862 , -0.14855870077212138 ,  0.5177276033519866
0.310410490332841 , -0.5758623022793485 ,  0.8604519577061327
-0.2101142515047757 , -0.41183677228270565 ,  0.14952384252256112
-0.2218800366466122 , -0.12334004282879281 ,  0.9193766192428867
-0.4023220113815278 , 0.17270486841913799 ,  0.24358593395862446
0.20200862635268718 , -0.36961436964067995 ,  0.24498006196315192
-0.1689280859768632 , 0.8035305095115799 ,  0.550746376821339
-0.32493723293780585 , -0.4831374769123954 ,  0.8964295684671252
-0.03510654960445096 , -0.6423498386219658 ,  0.20648374934940514
-0.1424739509879414 , -0.6379753290921281 ,  0.3475380998938634
-0.21348949796551342 , -0.12124631001642065 ,  0.22055183371278847
-0.0854802097781508 , 0.47852627433701533 ,  0.46327633770433313
0.10255494771284607 , -0.3199996003242841 ,  0.2555730546480352
-0.6154772160349915 , -0.13062372472215905 ,  0.4671835815379747
0.07265120478000175 , -0.33783401549869135 ,  0.14084511674687886
0.2488482896498503 , -0.6488775049536593 ,  0.5177308443238154
0.41882696818188603 , -0.22670599799094274 ,  0.9845564143539719
0.19578542310977706 , -0.20130194994107348 ,  0.9576655666779583
0.3789531496695939 , 0.18699170576955687 ,  0.28174038428868914
0.15621267019885998 , -0.3965807752539652 ,  0.8746606176638344
-0.28682770846921113 , -0.36360102890012624 ,  0.952641665796979
0.740538271966974 , -0.08837951915250679 ,  0.4573717075536547
0.43766727312644244 , -0.03747110288093787 ,  0.8265461819635317
-0.254980244193949 , 0.02103789985395947 ,  0.31598991814053573
-0.16912229741663565 , 0.2703639278511418 ,  0.6991117315381552
-0.053130866273247826 , 0.09485794920512722 ,  0.25077616393001795
0.17543650538825797 , -0.14737229090503948 ,  0.1811350663576472
0.350048012990622 , 0.14417322161707752 ,  -0.13969052142805716
-0.011586694421641591 , 0.3917728667658582 ,  0.9068765613060887
-0.20519963317872242 , 0.7371193599228649 ,  0.44053493214391265
-0.4560658726524735 , -0.19885300190509844 ,  0.3013379045371714
-0.11995080983407837 , 0.30886813459750456 ,  0.13478790185896336
0.2902302682737652 , 0.48580097384449983 ,  0.4347742269842604
-0.004675394984387571 , 0.34670508091675134 ,  0.7287067159181729
-0.034636656661931726 , 0.7010456547828805 ,  0.7797580552446293
0.1502627770848155 , -0.009944682376850865 ,  0.9224657387399847
-0.22250842899067091 , -0.3984319215491243 ,  0.4605215108038576
0.5401475363544915 , 0.20381792122285292 ,  0.6012483456434398
0.16249195355158924 , -0.27762088950712094 ,  0.16238627470775474
0.3359027828658679 , -0.5610778141688654 ,  0.6869994067851953
-0.3546375356418195 , -0.1521554920575927 ,  0.5143620735786258
-0.18575821718511631 , -0.021519124213170635 ,  1.1629656853843313
0.07189923011201377 , 0.1448280239957082 ,  0.7145404498821171
-0.2935832597015078 , 0.055974089271540496 ,  0.9781313542275062
-0.07444102276471162 , 0.17237965194305682 ,  1.0220936653256774
-0.5782604151380595 , -0.35666735465361404 ,  0.6537043724867988
-0.6296820741968508 , 0.010277809229970226 ,  0.5257431052362382
-0.12726994212574042 , 0.07243441214180701 ,  0.36697496370669264
0.5423898519605916 , -0.08977345750590615 ,  0.16635656911263325
0.07678644432765759 , -0.2377387725723068 ,  0.9129265694601261
0.37783108035313484 , 0.5502023328126665 ,  0.17017977913412802
0.17205218376849876 , 0.6397706792817067 ,  0.26617638809935246
-0.24859419949288974 , -0.4665562059529895 ,  1.0006928347254411
0.23263074201339062 , -0.19695386019641847 ,  0.6461039612437529
0.23916536522744677 , 0.6397800971431208 ,  0.36011274233267326
-0.1501894665812513 , -0.37155909758467476 ,  0.785635843952568
0.2986821806528642 , -0.09933851994026799 ,  0.6075588390705201
-0.4836628674986646 , -0.2694169271395868 ,  0.8058411718958334
0.2880135048236126 , -0.619261257111816 ,  0.5901218484324678
0.25792071558075147 , -0.039322064709476044 ,  1.017500679468329
-0.1667105026077433 , -0.3046258005333916 ,  0.5186928093668861
0.14781949857401952 , 0.5222807131809363 ,  0.8640176696864176
0.32804148288821977 , 0.28704207005112203 ,  0.3932037120145666
0.0765110963931745 , -0.4508030223041416 ,  0.3474154418969027
-0.48630608481021376 , 0.4478085858040003 ,  0.5990972410487078
0.17090563081279214 , 0.6524039451822298 ,  0.16692046019308718
0.48041648847683677 , -0.22571329437765136 ,  0.7887083428308418
-0.18988641318356647 , -0.06358098016293878 ,  1.114098447799843
-0.09877813135570834 , 0.04541064618546336 ,  0.9569722454448193
-0.07487866790454811 , 0.32980368889979084 ,  0.8343813787396712
-0.08102610968877595 , 0.2614696401632336 ,  1.0921745711445099
0.2807937607522726 , 0.12887927462558982 ,  0.657478384462318
0.06043902404157364 , -0.24532466445389808 ,  0.3728614687052835
-0.04976077343863521 , -0.6280077719350737 ,  0.723060710140631
0.026296373732201436 , -0.6086229866966311 ,  0.2175978442161165
0.3115782486630465 , 0.01638256938393364 ,  0.4874096029877569
0.43437496826013317 , 0.33144858573359764 ,  0.8491993356375129
0.23904522661773087 , 0.2855582648653175 ,  -0.0022476899530827765
-0.3197415157336822 , -0.059241141394769256 ,  -0.1606757088566495
0.1435250196676955 , -0.5471907287201253 ,  0.8544290802415546
-0.02160022900879405 , -0.15010276889692148 ,  1.0896104161903615
-0.25075106237940104 , -0.15715449260166914 ,  0.9862891467780944
0.3152947312893925 , 0.0986097354352237 ,  -0.03245562854586553
-0.06425900751972452 , -0.20980925349057028 ,  0.39051524307416263
0.14174914542089895 , 0.14778974762394062 ,  1.1570290083861927
0.004775084304844246 , 0.5349667513557232 ,  -0.03032829425452703
-0.4512417843227793 , -0.4725530782143169 ,  0.7296037540757232
0.3433321272754926 , 0.08529816983117466 ,  0.023855773534929084
-0.4776799175307179 , 0.5706825223358045 ,  0.39601842932624276
-0.4544261202543183 , 0.01615802005146539 ,  0.6782467468233527
0.5040555932612203 , -0.0879437899687156 ,  -0.1444546779569997
-0.11113598838366595 , 0.043405730709025286 ,  0.6530696731948457
-0.04580864171314425 , 0.030986312442437942 ,  1.1338428719394995
0.6606625940871498 , 0.13443911928703256 ,  0.44108952907959087
0.10378570668527326 , 0.06660581462497328 ,  0.14753510390180483
0.06576416833360715 , 0.6114153967661303 ,  0.9031888685691114
0.16956017630388745 , -0.5039073492860162 ,  0.5817411172623506
0.07358846234072158 , -0.15881487213505086 ,  0.21658456719488173
-0.42191591775397086 , 0.4338511444168359 ,  0.22670023758892344
-0.12061419781579334 , -0.23359474114236595 ,  0.5031003409463597
0.046468263010400954 , 0.6587552632363193 ,  0.05332543646290449
0.3495745278977179 , -0.08199604493968918 ,  0.6973776044218878
-0.04590152201782683 , 0.2795288080194009 ,  1.1417378739482578
0.10339784073979885 , 0.18699039559613823 ,  0.21074790057155918
0.1451404815116169 , -0.22737132510762706 ,  0.1930192278135951
-0.21101621918556845 , -0.5748581850478958 ,  0.8038262905824856
0.22766684541769477 , 0.3722893123679239 ,  0.5812877235656845
-0.046986309739262586 , -0.010387773791602786 ,  0.6729890823834324
-0.19765723770541624 , 0.13870536250589083 ,  0.8987943210578551
0.5928298036238873 , -0.08466696470012812 ,  0.4655389892175459
-0.46527182791298616 , 0.16434016273205887 ,  0.9425710122295983
-0.46558556298732034 , -0.640682830760768 ,  0.27855113854885233
-0.6781242754458762 , 0.08070989040435658 ,  0.7957227303361508
-0.11425450339420547 , -0.19929232289751805 ,  0.0033733668374904442
0.4191812554298335 , -0.13306469112868774 ,  0.08012696326604306
0.4057000300769779 , -0.07041765888483911 ,  0.09956896717268268
-0.3180225419807368 , -0.1480471271072091 ,  0.21343899980041
0.35530312170613737 , -0.4622896752450904 ,  0.28661041668899007
0.5169461557922509 , -0.2612015873379112 ,  0.4594021285024763
-0.015221971576512741 , -0.5759589670235132 ,  0.7912600956655209
-0.21083137230798402 , 0.0011437740603940302 ,  1.111820351886895
0.15663434864006193 , 0.38083858848689506 ,  0.9221628510148947
0.23806255201340798 , -0.6708177100795221 ,  0.44966444982055986
-0.20595440378849883 , 0.09172259611078831 ,  0.5579199153442386
0.004838819968675929 , 0.30317185094416654 ,  0.8479084958162845
0.39495789546693555 , -0.5685377226915692 ,  0.4619659796888788
-0.32715815048381713 , 0.000690860792602388 ,  0.14404493561391973
-0.3971047480844957 , 0.01115020711883602 ,  0.25894527898809594
0.1445034610458855 , -0.12783808503709393 ,  -0.10246685604909644
0.2538946796071824 , 0.010478308069727474 ,  0.8448083504004363
-0.3145291769453866 , -0.08467389860351979 ,  0.5298800641644018
0.03528251699248114 , 0.6078378153748293 ,  0.6205086403569218
-0.25472739265393 , 0.0406853202346371 ,  0.5197075282243933
0.2501091405323329 , 0.021849275765033257 ,  1.0413262644940686
-0.36045087185220015 , -0.337099492198319 ,  0.4545791452808409
-0.0571317894268229 , 0.0618513812477292 ,  1.0536190804498293
0.7623823828705354 , 0.31471197260171013 ,  0.28966481485701395
-0.7184790852402777 , 0.31358847155501957 ,  0.6633207731067549
-0.5221454684087771 , -0.004891167205656036 ,  0.9479514654146548
-0.27130501034791094 , -0.7546547822342603 ,  0.20101711763902855
0.0859134110352992 , 0.2705516401569268 ,  0.5781103112179938
-0.6797828506364634 , 0.2861187777210061 ,  0.670432064566954
0.49826346151824863 , 0.3713295911592268 ,  0.44623483366423145
-0.1350811671290642 , -0.33714123092229775 ,  0.41221715805412656
-0.2101538436094195 , 0.2027728244014408 ,  0.3274230224784289
0.33239667637538295 , -0.5359253839202756 ,  0.43700179019376095
0.44790698462294437 , -0.06062570322887721 ,  0.23920406913010772
0.16432471084717326 , 0.08032315603853314 ,  0.19285886811226544
0.2887290627325344 , -0.7415091639063638 ,  0.3518583716762981
-0.1829229615497882 , -0.20969392565144168 ,  0.06398850832352422
-0.3189412101186246 , 0.24928597377941275 ,  0.5654176917005682
-0.16101890162753332 , -0.6090803306139406 ,  0.8348367943908348
-0.4459703960189688 , -0.2905009999220307 ,  0.5305670348529961
-0.22453504349463693 , -0.13403017218643626 ,  0.32043320898097105
0.15277137953188008 , -0.030290784128424883 ,  0.27431285114265297
0.27948132494029343 , -0.10672198037077542 ,  0.1802828652654117
0.26163484176714075 , -0.17630792162907855 ,  0.8835732003014738
0.10682608242702468 , -0.5549178791761975 ,  0.850269054219782
-0.049395058997360394 , -0.5963491494968592 ,  0.6981864719047695
-0.2564873710115428 , -0.24651798400019276 ,  0.9744317100684734
-0.18600368411193896 , 0.3266266250296701 ,  1.0025028212915121
-0.4137550909976874 , 0.0212364068957017 ,  0.19228738740967222
-0.18617428967928956 , -0.3257689552956857 ,  0.22000607226388816
-0.0029792572258708384 , 0.13144792730375693 ,  0.23424636425982762
0.5782372111027048 , 0.12076251522420475 ,  0.506280663655265
-0.5031882957556503 , 0.11242582989530635 ,  0.3435882507272494
0.27363063296216117 , -0.27195208780466124 ,  -0.06703075440380982
0.13096079424698256 , 0.4456582185428778 ,  -0.0547412025117055
0.06197960059424132 , 0.3926363059173708 ,  0.5517211072849096
0.1244161547621738 , -0.5251693362624826 ,  0.15144878317604593
-0.4578730496923687 , -0.35875145002913394 ,  0.6252240953825536
0.3850849757565431 , 0.24248211742199674 ,  0.9355029950634055
0.23095027302770402 , -0.4678558822373859 ,  0.8525662425064079
0.6962770183045042 , 0.08433878014854107 ,  0.25552012232296273
-0.3075689822932972 , 0.18049852177058198 ,  0.39094862554835463
-0.5470471553995273 , 0.14653894421324964 ,  0.5066745114290563
-0.3981441172961531 , -0.1742173571721267 ,  0.3424243407981576
0.31053757714145436 , 0.1340548801346404 ,  0.958914774533261
-0.01465710642675383 , 0.0762860831365334 ,  0.615019209735198
0.1248941724348288 , 0.07835140950576135 ,  0.8966067518235213
-0.6956793522043889 , 0.2125412920049048 ,  0.20081516522769463
-0.0813246616281034 , -0.0856440378442403 ,  0.20110600702324222
0.32616716567062626 , 0.3287906265439409 ,  1.0537857052623587
0.5618902393808488 , -0.2638776057977649 ,  0.8845334859923792
0.3304569703980891 , -0.010277935392185092 ,  1.0721191457728636
0.3191254565308726 , -0.6383502556925356 ,  0.28160892149869915
-0.05762974458834938 , -0.5137151513410569 ,  0.15574062325734547
-0.4091391751435833 , 0.32391140429775467 ,  0.9502783457144105
-0.4935381611786279 , -0.24210622446277502 ,  0.2287715884875582
-0.4800621386647879 , 0.3159204687934863 ,  0.8458269954284814
-0.3456854708428585 , 0.2148468622893645 ,  0.3703946718057396
0.14553288698374323 , 0.1210163240007749 ,  0.559558966880256
-0.3775897264156324 , -0.6493597396160256 ,  0.6712828848591477
0.4468160725114201 , -0.17038906439178741 ,  0.6254094280871595
0.2597646385519375 , 0.05338209898324456 ,  0.8840281221726795
-0.05412041198252357 , -0.3663632953054553 ,  0.8215698547568201
0.15606702817106874 , -0.42944693191892214 ,  0.29955833789643765
-0.6999985589068178 , 0.23205556758435744 ,  0.7218729045444987
-0.4107917252700039 , 0.28484944284608815 ,  -0.13517321129768733
-0.05876509219191219 , 0.14105927054837047 ,  0.3645152601756581
-0.041757948507158735 , 0.09564029851786164 ,  0.1671901133619601
0.14645764216884488 , -0.3657274987412372 ,  0.6442742114651364
0.3797648174637381 , 0.19799906464950184 ,  0.2785439778717574
0.1613309716736711 , 0.18227398017884805 ,  0.4168644674861938
0.36857809495657096 , -0.1937132672681776 ,  0.840872879865496
0.3982460491281052 , -0.4968263320405966 ,  0.41419520043891406
-0.1253134768798744 , 0.3051710704417781 ,  1.0649684107497224
0.08790572461547078 , -0.7237084501073079 ,  0.005712273643198665
-0.17496739011613915 , 0.1958581292482903 ,  -0.03107780602420139
-0.18497252592923047 , -0.5910155734791053 ,  0.5464067731031819
-0.47035420529669 , 0.32982184266457126 ,  0.6338606836135967
0.06599112814813807 , 0.3742982733868223 ,  1.03616497755044
-0.10314949411836402 , 0.1299568012188696 ,  0.09509125370965579
-0.17537234346761088 , 0.22805664042037593 ,  0.5077619800768499
-0.21485989473813552 , -0.010609170128241432 ,  0.5319024571272919
0.44414663641199037 , -0.3801857872586216 ,  0.783075546727103
0.15220061691585313 , 0.20737806366740724 ,  0.5450439914874682
-0.34026913505483725 , -0.05738812698935769 ,  0.27924075370440865
0.44203756444971587 , 0.6248009337186959 ,  0.22500628089651525
-0.5316974484696245 , -0.33134344666172877 ,  0.3282707380366106
0.05116978237069309 , -0.104858190420028 ,  1.1133534629589028
0.00245718481560607 , -0.7453054621714512 ,  0.4426833862843047
0.4223993192760071 , -0.3012958627658829 ,  0.8092485073683411
-0.3684589095924582 , 0.002028096005185706 ,  0.561296859891012
0.08762407462360428 , 0.21097072775703052 ,  1.1551428628314246
0.10992846329614706 , 0.2311585057352228 ,  0.15521102898642117
-0.0687259117982673 , 0.22278165999917252 ,  0.6880665722803954
0.18789406631178068 , -0.13666141057630504 ,  0.2154530229328421
-0.4394373512738521 , -0.3905556166111105 ,  0.8289279898038353
0.006140625792705176 , 0.3245919652489036 ,  0.5849692551240989
0.17070833995584242 , -0.31442968979281316 ,  0.9454194681206128
-0.17313112568748057 , 0.30124842410537567 ,  0.3358010264419449
-0.23212228684526628 , 0.48106783448953516 ,  0.7698986810720729
0.07906342042953439 , 0.5237614840513746 ,  0.287361834044369
-0.05294424389847032 , 0.6395925689925279 ,  0.6039917070830242
-0.09773445536386494 , -0.5554413832194567 ,  -0.19275135634114374
-0.6151036909962666 , 0.07559110798531868 ,  0.12534124354238646
0.25223114054009127 , 0.6691130565347057 ,  0.6367899533110546
-0.21374393484890955 , -0.23685956283729948 ,  0.674922917928423
0.1307468273484438 , -0.4752212315095734 ,  0.4740925115823654
-0.061017960940633595 , -0.6472384263667864 ,  0.4275200300710468
0.4201898956442859 , 0.2086217266675876 ,  1.0394396886791613
0.1081604899305834 , 0.15380126381870896 ,  0.9225426839881181
0.6999853800896128 , 0.30770903928318727 ,  0.7106714583435128
-0.32180043535199654 , 0.13535420693177794 ,  0.7503347610537296
0.02938622547262758 , 0.02469004445389643 ,  0.031098314651352377
0.42575599838705264 , -0.33241277054188956 ,  0.32677418677417835
-0.1056785939032483 , -0.6034898060987911 ,  0.2615946204719087
0.36809669052812005 , 0.1670836917199947 ,  0.9426348686446621
-0.5557114228868005 , 0.11167936233686895 ,  0.12876921617858333
0.554402054347051 , 0.4473306192222285 ,  0.6796362994931952
-0.2932757464450384 , -0.7244362771318693 ,  0.6022538370241349
0.2490898670459551 , 0.5548526793748972 ,  0.3925286427368866
0.48888664715093905 , -0.16665218420039957 ,  0.9676997567075443
-0.15194149720655004 , -0.6328258975168033 ,  0.8365808279087815
-0.30717167710341725 , 0.2524555593079964 ,  0.5738689526915809
-0.3347774723433792 , 0.20863095753791017 ,  0.8204470093289105
0.025748615192008942 , -0.3189929531127497 ,  0.24428628121921855
-0.5315351825567928 , -0.526813949987297 ,  0.39797821688706025
-0.09069482011725363 , 0.31684449042037455 ,  0.5350004759370885
-0.3916671974321843 , -0.07583454217643079 ,  0.41839085085857897
0.1474344274446573 , 0.3098081805143187 ,  0.49130927402183106
-0.1334605424074751 , 0.7657632760463194 ,  0.6482491815574313
-0.15988946409932425 , -0.08835613860917003 ,  -0.002551163495247602
-0.5466600065079827 , -0.511566405182529 ,  0.7296953384382471
0.000158918494843098 , -0.002053203561617728 ,  1.094299626387403
-0.27790281332122907 , 0.1760278465289915 ,  0.7926286251568734
0.1541756002283544 , -0.554289168681398 ,  0.11206575007633307
0.7487199215177772 , -0.29122730652046735 ,  0.17410922151932728
0.5363380848797039 , 0.1804772927177306 ,  0.8577544425883785
-0.23372944502337248 , 0.03766329981868463 ,  0.507350612741711
-0.39367431988091095 , -0.031140787141777357 ,  0.30400109324763397
-0.6188567625339978 , -0.02185595305543649 ,  0.5714144821882667
0.17339396740053178 , 0.5442541682721428 ,  0.5826033262072341
0.633866416081958 , -0.06669623347266807 ,  0.4609820993959126
0.17131618897969 , 0.1682413346077629 ,  1.1522229074957622
0.13569770623470084 , -0.4510152057561361 ,  0.8438801017409678
0.5468757720848583 , 0.040334373326541446 ,  0.001777033521561354
0.04449577214694283 , 0.31421600369981145 ,  0.020875133848711272
-0.5203643635341636 , -0.4352454742658892 ,  0.6865050710658608
-0.20126010968962477 , 0.5867939396534659 ,  0.552163265384099
0.07747624700040015 , 0.3862675913954734 ,  0.1546475546523532
0.30494975076349357 , 0.3908743749067174 ,  0.7044387827559366
-0.40998371610073925 , -0.2679533631852721 ,  0.5636977793366337
-0.37171254689858235 , 0.18948466417612211 ,  0.2189482784618077
-0.6144604857527699 , -0.34375877464835297 ,  0.3272472859403512
-0.0207713941171698 , 0.38513949702936284 ,  0.8451218752861267
0.39912708434100674 , 0.6170408516556867 ,  0.4714368178283702
0.12557058380260194 , -0.027377833604910876 ,  1.090427153547643
-0.23686559395097054 , 0.03567558979982593 ,  0.8658335712667189
0.3267821095126927 , -0.27651216963380404 ,  0.6228274128818669
0.1336247647228047 , 0.3892696587368757 ,  1.0277506731205268
-0.13677192882643632 , 0.3573237081043021 ,  0.3624888740001344
-0.45260719045804476 , -0.4900405397485231 ,  0.7834091253023887
0.10881217668545544 , -0.25710642500381786 ,  0.1433264445719148
0.3520794126280375 , -0.10420340511573017 ,  0.456549832081241
-0.4767508917611745 , 0.2721287840699249 ,  0.8510583231484073
0.21033205448332382 , 0.59800179429877 ,  0.9018975636557941
0.7631166740539039 , 0.2917151275837325 ,  0.5048704642189533
0.1738131829848297 , -0.25276749473612176 ,  0.9584566446320516
0.8390443224851988 , -0.0122960364654537 ,  0.3446411533843398
-0.1967469065534817 , 0.5410848748643818 ,  0.06651139439470158
0.4204576651426304 , 0.0655479787091337 ,  0.6197873148663895
-0.3320976220107611 , -0.409668532215732 ,  0.5054959295267472
0.37330835082675096 , 0.24354259710497642 ,  0.9037115438893241
-0.4156970281716499 , 0.21597412866542015 ,  0.3074745299045074
-0.7466254557137163 , -0.35194015115063143 ,  0.2442735932505553
0.17223233128303758 , 0.6133492905524691 ,  0.2802173591757713
0.49995739508634834 , 0.09276209005347295 ,  0.19481173155114512
0.4933680191509178 , -0.082407092335273 ,  0.9011380906761209
-0.7631155439248252 , 0.3239776486140114 ,  0.529546305838836
-0.7832268928060719 , 0.1422276905888 ,  0.5051779198668399
0.2608810625339048 , -0.6467843273471064 ,  0.6331501184276596
-0.21698919562850266 , -0.26266938626077413 ,  1.0059465305077175
-0.13137796037310456 , 0.14430481670554418 ,  0.9826930493556518
-0.6300307928108979 , 0.27721627308765184 ,  0.5654861654032863
-0.07568538878353599 , -0.4349449395196308 ,  1.043929084017549
-0.02926664921211694 , -0.2999384037979553 ,  0.1494685077688604
0.17382577141837968 , 0.08868557891057285 ,  1.1542940201469327
-0.10834952458515953 , -0.09735602654676734 ,  0.4254497871994097
0.1352565528770697 , -0.2573280185112604 ,  0.19941891128043454
-0.48959883944371235 , 0.523440689192282 ,  0.3741182740460518
-0.025095256809484337 , -0.42551031484137763 ,  0.12544607355856838
0.3788661967481022 , -0.37198005180995275 ,  0.2232290589273595
0.535132361444267 , 0.05587429902189088 ,  0.10152301493218002
-0.2668311289473002 , -0.09341037939595956 ,  0.2282631141035252
0.5110388701551387 , -0.3107468560916738 ,  0.1549020781935797
-0.3807226125855072 , -0.6657063049701755 ,  0.4519327781526498
-0.15101889179964342 , -0.36438226474366736 ,  0.3122219138256125
0.3958169920617509 , 0.3112530603323088 ,  0.9669639000201177
0.25203725370740776 , -0.05331139971847958 ,  0.15612163521213573
-0.06677680330758423 , 0.4572744838958418 ,  0.7837930128745579
0.4860437721849136 , 0.17296630532000173 ,  0.4335626589949588
-0.022359276391318114 , -0.04763476842738151 ,  0.5314990581313588
-0.22823607360856135 , 0.11204546611577137 ,  0.4014401015781662
0.34317379473595183 , -0.42073638023154136 ,  0.535135966723798
-0.5444855913771004 , -0.4447911769107799 ,  0.10022766066374424
0.2426907793329354 , -0.2682756004345683 ,  1.0231188100208704
0.08884294866188173 , -0.28526607536287113 ,  0.8648851518181553
-0.05089448716766385 , -0.13218389070251296 ,  0.10645828764717931
-0.5558710453442944 , -0.22356675292223316 ,  0.9143074119755951
0.4792495761711433 , 0.3891048280078103 ,  0.8912061467253678
0.21627134813015525 , 0.7034272505716685 ,  0.414339374016528
0.3329406398008053 , -0.4484602150297188 ,  0.5585004232598366
-0.10496342212782028 , 0.21720338768053898 ,  0.6433711282470442
-0.19961693599712801 , 0.1593990786204966 ,  0.05029269788204273
-0.19043671424384506 , 0.31689255852953346 ,  0.6499342688114532
-0.2258152913499415 , 0.24061976325230053 ,  0.8543057309285238
-0.5776874406300977 , 0.3455941470195167 ,  -0.06871008513594357
-0.007326007068534826 , -0.6159536913018272 ,  0.5882207568074866
0.30113732201055676 , 0.22288035843549364 ,  0.6863972972686136
-0.24789550402892502 , -0.6001768927990738 ,  0.46585457946252234
0.06664434695691401 , -0.6867772081655681 ,  0.5260686463630091
-0.4382175489830018 , 0.31962710361164437 ,  0.8960111907159849
-0.3684320319232447 , -0.29850590826290635 ,  0.1648484937497091
-0.32230098523591477 , -0.022246424735722053 ,  0.15483108854112868
0.18385095283411773 , -0.0606325392907848 ,  0.7991871401402273
-0.3334256788941812 , -0.2834196851878055 ,  -0.2520717921803201
0.1184584285944559 , 0.6494492668409796 ,  0.7422473146689936
0.07442115865804046 , 0.042645988305005184 ,  1.1501852537179325
0.06011275843171107 , -0.16341640762455287 ,  0.9951348004707427
-0.14602059713508148 , 0.7251379205032894 ,  0.09949809653218439
-0.04394840093976544 , 0.6050518349144133 ,  0.6745618457964235
0.10462569880219924 , 0.17204976141493575 ,  0.09840230836634528
0.08678644016085152 , -0.6828386711702417 ,  0.6451549002634256
-0.2663796276320011 , 0.09153816440768658 ,  0.9744491490698707
0.23537591461836613 , -0.023423528215477808 ,  0.7799062342522827
-0.11037755050287577 , 0.13900336886375464 ,  0.9375077816468527
-0.2644111038540887 , -0.19891791529680197 ,  0.17339784318521528
0.1883447804939971 , -0.10011037604028894 ,  0.6032215048285374
-0.227785521268945 , 0.7836740012535698 ,  0.24835876365202328
-0.45356522230476687 , -0.009023247847040138 ,  0.2738169640025783
-0.09031416451662796 , -0.0014052849326556954 ,  0.05045043111686404
0.5646151113822954 , -0.27516603387599314 ,  0.0333546207120929
0.10548692012014821 , -0.6124818074773699 ,  0.21536071577039573
-0.1286611958115288 , -0.042106831714901906 ,  0.1105983304490584
0.1594724342722412 , 0.31044302022003617 ,  0.9327910175822025
0.36436586315125463 , 0.24234966524837018 ,  0.5749219051791973
-0.13969622609835877 , 0.203612259150507 ,  0.08538528564564016
0.3341609694502973 , 0.4267965188887974 ,  0.9813727909956975
0.3735778026209024 , -0.024177408081901504 ,  0.1410538840527773
0.024535418920320087 , -0.7244305488321809 ,  0.5057672198674266
-0.42828880752740695 , -0.37508907647506384 ,  0.7591151674853656
0.08401709356714401 , 0.6067954594418438 ,  0.8176288097755329
-0.34667916395422577 , -0.027644390465150465 ,  0.2795523713189864
0.13769939866210498 , 0.1524715884038598 ,  0.6399863591523969
0.4145714476531444 , -0.25217304138706725 ,  1.0348478495007751
-0.41759166827982075 , 0.4321144022049256 ,  0.5306574793977046
0.7526576540562996 , 0.21520986563524544 ,  0.3010890998290303
-0.32676281700501425 , -0.34320246896420414 ,  0.43084587647805633
0.028949988042931446 , -0.3488644410336122 ,  0.324074190131699
-0.41686303106981576 , -0.3411416832681672 ,  0.4012500748608183
-0.482575494602422 , -0.16695488912251572 ,  0.9692154845138147
-0.3092798299016885 , -0.3477566080740637 ,  0.9370800232459295
0.11816729329640697 , 0.2998250944032533 ,  0.29220180324444145
-0.6874118399375475 , -0.08732040808022384 ,  0.052784115357048064
0.06790429679800761 , 0.7008221433977726 ,  0.33320930863289183
-0.3639962120633497 , -0.35772469376566945 ,  0.9687907993446868
0.2736123944146012 , 0.5347857706934718 ,  0.9140968740709842
-0.16426100805828364 , 0.04694266017767622 ,  0.049301988077366396
0.06880995212970958 , 0.47142885634741305 ,  0.3325744383573334
0.32370764659636175 , 0.3715112906437521 ,  0.10565060576873923
-0.28650968446906777 , 0.04930713288844085 ,  0.6930111880860675
-0.18090686491767974 , 0.38604529795912945 ,  0.42129028733887
0.35268416467206753 , -0.2872523034013663 ,  0.1254165922350837
-0.34947231027889736 , 0.3945295185965942 ,  0.8750819489533403
-0.16044222244064832 , 0.01878381697723301 ,  0.23490489024764538
0.22897633067423914 , -0.3174147038058879 ,  0.3654781818654356
-0.11399663332105488 , 0.5810726100274682 ,  0.053603235222011325
-0.07054414170351678 , -0.8083367852653457 ,  0.5564889217492633
-0.5892155111572318 , -0.2136942368946223 ,  0.8400775241888069
-0.45370950614779837 , 0.08597250657326075 ,  0.5107279235115472
-0.39643833559548575 , -0.020196731537271286 ,  0.8155442553794198
0.24312898992027238 , 0.04326160047595477 ,  1.1238761002771915
-0.07971781301277439 , -0.5805893045596647 ,  0.481057717060448
-0.07745846224499534 , 0.31967661899868427 ,  0.10760105605338129
-0.18973884541614283 , -0.3115900855806206 ,  0.4880347968229458
0.20010232791279828 , -0.14298906721542645 ,  0.5927480130414232
0.3339412246596244 , 0.20506794743880916 ,  0.8853344396770508
-0.3508279819736444 , 0.3242273541213845 ,  0.22207324480012314
0.08942753867937786 , 0.035492928064332886 ,  1.0021990549649282
0.502005571712195 , 0.4465020968676335 ,  0.4718264875616223
0.2956782006073602 , 0.6941424333599114 ,  0.41559988482278126
0.13852261507889924 , -0.3110917721793644 ,  0.30263185376662227
-0.09456970661432916 , 0.13535581400778054 ,  0.9650259742277887
-0.446357878581692 , -0.0685723781320947 ,  -0.12286685635057215
-0.4404261236286582 , -0.13995729759777625 ,  0.11662159088161175
-0.6150006178075905 , 0.18755121346947212 ,  0.7548506761898639
0.5892991796951276 , -0.5401026846763609 ,  0.28028113329176274
0.06626228530857145 , 0.20747955694597486 ,  0.2515651729754886
-0.7821118242138387 , 0.12484130305397927 ,  0.1311683422869403
0.39750797157622497 , 0.12951042501954868 ,  0.3282732436686743
0.4701016609529598 , -0.007323167633270261 ,  0.49882515173192304
0.11705099438263952 , 0.1356518961843374 ,  1.1630468225004615
-0.21257974205430025 , 0.0734950342604861 ,  0.49441420673152175
-0.3056990505030727 , 0.05024624020463811 ,  0.11057728463550082
0.5395040431682956 , 0.15848738413654206 ,  0.7584081028290723
0.4512931360284115 , -0.22975754377283775 ,  -0.12828342961623998
-0.1904826597221913 , -0.4345629467491892 ,  0.7162404075234788
0.018397861874150837 , -0.2255059995925227 ,  1.072233938166393
0.3547922131132214 , 0.5191810404939062 ,  0.46556812652919993
0.44561029145101255 , 0.16056786806272721 ,  0.2976317894179595
0.20383912107884009 , -0.1726290043001464 ,  0.12457653483531278
-0.05495254689825073 , -0.05125578808329254 ,  1.063487531930247
-0.2993205730347366 , 0.49121727816487243 ,  0.6335804325777027
0.45476604776314833 , 0.326201433853884 ,  0.5782019404346301
0.49844482496969444 , 0.2417916007734776 ,  0.9504263818105719
0.2776513987267176 , 0.08926359649354108 ,  0.8310109703153323
-0.2744228139806977 , 0.26925274427460544 ,  0.8765491260321385
-0.47435867819443395 , -0.0016554333582839212 ,  0.8132176322418222
0.193719538096863 , 0.18185440682747406 ,  0.3819496425617893
-0.28817182932237806 , 0.17725904989725222 ,  0.37122310785216156
-0.24061226034969585 , 0.19114554938382594 ,  1.117795711026951
-0.1743697093493541 , -0.0867496683148679 ,  1.1531964246494586
-0.7403803558613826 , 0.054331898333175144 ,  0.529693613140486
-0.49581292809553357 , -0.6870021471943565 ,  0.28754861482430844
-0.44472362161675816 , 0.10710210178849691 ,  -0.09445608174048853
0.1051140078617202 , 0.8165979851398237 ,  0.48816837408145053
-0.2991134291917762 , -0.45253581840809554 ,  0.21601896067268228
0.03734046822539275 , 0.7891743414800791 ,  0.607115399336527
-0.23377465778208228 , -0.23729472974751703 ,  0.9426604707477791
-0.5223925457896501 , -0.07659819902811081 ,  0.6812240261156081
0.5297369404323193 , -0.1163489422260642 ,  0.7147728241341205
-0.059717706769390914 , 0.18433165725762418 ,  0.07357798204521607
-0.26129774962663005 , 0.26418620434010065 ,  0.9446822937033752
0.25968238844067226 , -0.21592867791836612 ,  0.21552852889987914
-0.6367427859512638 , -0.0587686213141339 ,  0.6370622749111112
0.518433727650142 , -0.2079233994211456 ,  0.5198727899713473
0.12399456946766968 , -0.3031373588240929 ,  0.996860370730596
-0.09200714047399854 , -0.05933621538705093 ,  0.19442288107326755
-0.22884176842996498 , 0.40206692430253627 ,  1.0481842948497768
-0.663045411863616 , 0.06650228460181594 ,  0.007986394962761864
0.16877443455852167 , 0.5400646302538948 ,  0.8346398185343458
0.3242024210458042 , -0.7048721967664519 ,  0.46829522620449077
-0.5422505933918753 , -0.11683693185779755 ,  0.7669434293226531
-0.15636662922060746 , -0.20878410001628162 ,  0.10773254652278991
0.43454432935305487 , 0.638586104146277 ,  -0.030649284535585734
0.4886061221893663 , -0.05235810414616893 ,  0.36037306579405154
0.24548984268510698 , -0.05738375471149783 ,  0.18844331067993786
-0.343152928734394 , -0.6879628311845709 ,  0.27518708416578846
-0.11247338003222615 , -0.20705267001150693 ,  0.8639959359909203
-0.17306564124518978 , 0.14292219179281734 ,  0.6173699605408296
-0.5739268186902489 , -0.2733294503846255 ,  0.8429166257684817
-0.20432878099352786 , 0.27653062458935274 ,  0.43251874492948045
-0.017588418865982315 , -0.036109169393180734 ,  0.1320648629436415
0.14407012192693822 , -0.7003820834421688 ,  0.24515479217469088
0.24454872377676612 , 0.284152609099925 ,  0.397998755622171
-0.422136193936391 , 0.09218378643327868 ,  0.16733476760521868
0.31622726829922465 , 0.10349501058057974 ,  0.8442781191095805
-0.307988592432014 , 0.43919684938991177 ,  0.8112566719314973
0.3403358862124686 , -0.37403022447754314 ,  0.4956612639079176
-0.08526583199948007 , 0.4785622822509202 ,  0.05719446473998914
0.2581478301840112 , 0.4252784608373301 ,  0.3056891438847461
0.5713581277896926 , -0.1236509860636444 ,  0.7811750038206008
0.10595164118417749 , 0.7619884020787968 ,  0.31278081468010666
-0.282969967631264 , 0.1421703370554562 ,  1.0709535487483095
0.05100534523960198 , -0.0977314169788789 ,  1.0311184256084807
0.46866344941984045 , -0.5476126970066183 ,  0.7916988150569582
0.3357733035209777 , 0.49026942533556406 ,  0.7250409859757173
0.812243615725717 , -0.24727500767139618 ,  0.3800184186339803
-0.6052816116239703 , -0.10274996576130771 ,  0.7024124177800586
-0.29238401076607173 , 0.6724910747063125 ,  0.2939031660303063
0.34967093055511617 , -0.001368419695937692 ,  0.27068322647016324
0.15108675313370037 , 0.49023051496610964 ,  0.8348799321253201
0.00582727265810222 , -0.2148211253242557 ,  0.14958194882704823
0.10102289155344872 , -0.40333035659794936 ,  0.6513987642881298
-0.17914147013605247 , -0.5755527311828988 ,  0.4578076780188578
-0.14141241760657217 , -0.18540323930292485 ,  1.0556701446905707
0.04715293374596887 , 0.1904353540008309 ,  0.3983452785678515
0.05147538753965657 , 0.19382122641824356 ,  0.8575778736782921
0.20323647301933823 , 0.3320329533194557 ,  0.05613891312105851
0.42050236965013177 , -0.28654479113392645 ,  0.4582137980087438
-0.4800345046849934 , -0.26727979866395213 ,  -0.01357447726329012
0.5957837810457033 , -0.2921902069291419 ,  0.516987759117389
0.049828539953465374 , -0.1317047885906802 ,  1.1591326427669297
-0.009748829778994314 , -0.011003559427359394 ,  0.4513363714085759
-0.6166297646500181 , -0.42151340658186964 ,  0.2665493069470938
-0.017021950532270944 , 0.1028357675157077 ,  0.026996828126080966
-0.5309853398932942 , 0.028678150812872318 ,  0.9997420169861261
-0.30266941909388384 , -0.0867094842985214 ,  0.22212086415887186
0.31124650063679105 , -0.6962798531655721 ,  0.44885662591558195
-0.5098014248144065 , -0.5150089533343764 ,  0.27395466565877963
-0.22067867645775927 , -0.44585711668682826 ,  0.7227478639830668
-0.6971344049226459 , -0.05790257327214918 ,  0.37646073951218617
-0.29688601821082533 , -0.027570003679607342 ,  0.42034343810027835
0.28060709343204193 , -0.06328050619791667 ,  1.1276286145230352
0.5849515657384272 , 0.40045562407411955 ,  0.3291727334858481
0.6100247534850812 , 0.09594026092821266 ,  0.6878446666807437
0.35054327491704357 , 0.31335232752745285 ,  0.43027076934029906
0.4032566287270177 , 0.054592416870863435 ,  0.31345372694317813
-0.12287953787572803 , -0.26860141408174054 ,  0.5695963878534775
0.05192198197286267 , 0.2532306955469128 ,  0.91266944390429
0.10327486196932024 , 0.19259359371271623 ,  0.08753163835559849
-0.7450425415283353 , -0.005428209518334101 ,  0.6958192960148657
0.31406447403965165 , 0.4070430989674176 ,  0.8723622922381622
0.31755401239814174 , 0.11884038340911171 ,  0.8229684247576856
-0.19981678822358595 , -0.11935846197495606 ,  0.17808490175465866
0.08355896342401843 , 0.07923079774556166 ,  0.20283661413937706
0.1457665138180765 , 0.4331773416203009 ,  0.9738300513192201
0.1757996898952343 , 0.231045977036726 ,  0.8813657653482242
0.46452592855628605 , 0.1615723409837172 ,  0.8481538050377386
-0.573832995379388 , -0.07818786201533434 ,  0.9214326418128103
0.2783577257414593 , 0.14945460136076721 ,  0.35787552135446316
0.6781242615081804 , -0.21940412764343634 ,  0.3965493336183698
0.12585435776364717 , -0.17088962337795102 ,  0.20532301864020028
0.20371539260064175 , -0.17355000025527206 ,  0.272105953068666
0.1617936720493134 , -0.11419702495857202 ,  1.1102319071242426
0.5269534747027964 , -0.26242873441341497 ,  0.49327187041605697
0.23624532473740664 , 0.04330711855727677 ,  0.35087130889915197
0.32248028199258955 , -0.5091191011995038 ,  0.3961332644783677
-0.2803948820634051 , -0.12499434871278017 ,  0.8680267921814147
-0.20102830791336496 , 0.1868232897077372 ,  0.8686722564924199
0.41740086919552666 , 0.09153381287165306 ,  0.9419280003118625
-0.2180855114671801 , -0.069262813547712 ,  1.0909972310093792
0.008994611296639407 , 0.46392893213620173 ,  0.6409191906194069
-0.29937352579179144 , -0.22406679729503443 ,  1.0073509333581938
-0.5960348433403626 , 0.5681835941645026 ,  0.20564686354094053
0.13627102881076764 , 0.01713152310455382 ,  1.167373576260391
-0.5280018266680941 , -0.21843794900225783 ,  0.14117166493680128
-0.05755701593636843 , -0.23492210831603635 ,  0.2865399194570509
-0.22098766609216422 , -0.517590063986651 ,  0.10948030729669693
0.4530364531687398 , -0.403197972588598 ,  0.8183037778671578
0.6592674305740645 , -0.34686119790632763 ,  0.3661847925321078
0.41723450872957646 , 0.208625879026316 ,  0.2870078045677023
0.33521375876458415 , 0.10334381256032733 ,  0.3082717464988306
-0.052953086547610974 , 0.5213459187128395 ,  0.31190335162280547
0.45385051822699457 , -0.07288466616181107 ,  0.5357728995876833
0.5149269896257623 , -0.31382624583026025 ,  0.5791297173287951
0.24036566957071565 , 0.19503432215195932 ,  0.8637951255815209
-0.33733071356427335 , 0.1425309518032612 ,  0.47844070210972034
0.523558595686748 , 0.1707739327537426 ,  0.43909602523749053
-0.37479590421447695 , 0.03406441624683357 ,  0.16774431077353552
-0.6755000121741579 , -0.2716906205651053 ,  0.654644905569061
-0.3084013161328898 , 0.43061576650783784 ,  0.9948711595823664
0.09338332380931193 , -0.18471523277774837 ,  0.7314049954856977
0.4338175865800379 , -0.17318827678037108 ,  0.5596390287897837
0.32537402194513004 , 0.20194638479690383 ,  0.3061286938843806
-0.31241955542003375 , 0.4494604217952764 ,  0.8640949414696381
0.7049333132062452 , 0.2811345957521755 ,  0.44978969950749675
0.27091498985765805 , 0.714823344148043 ,  0.5930480604554057
-0.31427382545850885 , -0.23816979986029876 ,  0.3168327317349136
-0.694960074206663 , -0.133438377726769 ,  0.7257249624266406
0.2936486239042395 , 0.14143456932502835 ,  0.9211577449034312
0.11673671837779379 , 0.26705083146644565 ,  -0.16818897044540712
-0.14638695603788532 , 0.21221298368125288 ,  1.1473084331361618
0.03215652543311143 , 0.3112883976892223 ,  1.0872909329520084
-0.3532675927077321 , 0.1981914699149517 ,  -0.022192872382486822
-0.6073173949957703 , -0.12157096723761568 ,  0.8439606491825109
0.43271468692712495 , 0.656723169210046 ,  0.5938571456593424
-0.5785393966533199 , -0.22821863768435924 ,  0.2643040620501017
-0.10156551993534317 , 0.3619290377215454 ,  1.0267289652589457
-0.38981355147439345 , 0.33851815014236036 ,  0.8660474047364832
-0.3995321977859094 , -0.30807157219921516 ,  0.9378782024105382
-0.19165886363941587 , -0.5523693974482636 ,  0.6706175198192801
0.37752846331212087 , -0.05970315083771515 ,  0.5232140224611448
-0.18001785154950306 , -0.0698941976563027 ,  1.1310725660745744
0.6572052012901091 , 0.07700378516628119 ,  0.505381915996448
-0.48707304327401113 , 0.5699805623763283 ,  0.47104290310661057
0.01756204026558468 , -0.6585293680207767 ,  0.7047704961490797
0.5446006727916789 , -0.28805352903075493 ,  -0.029762935871748677
-0.12699844631615365 , 0.04981571119126786 ,  1.1484426256941378
-0.7846521833450633 , 0.03253047353761605 ,  0.4871731998532728
0.24885753433205834 , 0.7485308229013354 ,  0.44562951322559813
0.5177927489453135 , 0.12974153645569947 ,  0.937556346404731
-0.6378102090568177 , 0.07401881199755135 ,  0.5741024063891244
0.13400782774346076 , -0.04106470866235381 ,  0.10661652342838213
-0.22542126601726015 , -0.14711970086971113 ,  0.25755004258701
-0.1829346490739986 , -0.0800738425409814 ,  0.18249407431165857
-0.2560754943663697 , -0.2715842308296168 ,  0.946978548920467
-0.14715879606609708 , -0.464300440990968 ,  0.8633407087753721
0.3705565879799911 , -0.5592979354487828 ,  0.3360248250877421
0.3267338378073815 , 0.5270571230970142 ,  0.917288799697993
0.1664668489288753 , -0.10656700817119716 ,  1.0061564508325875
0.385343733649152 , -0.4259783411313915 ,  0.516284978785185
-0.44897842604096605 , -0.434342704981935 ,  0.5482841676583978
0.003567149934863595 , -0.1717895404930569 ,  0.588733477694794
-0.20303784119922486 , 0.5681413245934652 ,  0.6465553790037657
-0.5483083631421336 , 0.20692819204426321 ,  0.8751245574129249
-0.3141808912569336 , 0.11172423544747707 ,  0.3055079066574781
-0.11489489835639123 , 0.4812231626787227 ,  0.7976928023087344
-0.09937934889747835 , -0.6329752116971779 ,  0.8871279493543583
0.1988268859248869 , -0.270643385188762 ,  0.3033083337632508
-0.6707095459071595 , -0.40036811510490966 ,  0.6640345779509049
0.42221107278057757 , -0.19133043899975558 ,  0.39942578888207925
0.198528348712011 , 0.22098064195312322 ,  1.0329746104448665
0.19256614507553188 , -0.36499008827473467 ,  0.920189774925302
-0.24039719866031098 , -0.12427815353157895 ,  0.09784922162890691
-0.5393474715133136 , 0.5437309816132351 ,  0.6796453994552903
-0.4119783835407712 , -0.10181521239973026 ,  1.0109598502528396
0.35356215108908196 , -0.525757052239115 ,  0.8275890956930809
-0.49913116713392125 , -0.6355534137732101 ,  0.6191885949947378
0.0028650216769820908 , -0.6354401539713221 ,  0.443200318277343
0.03381639723647095 , 0.002895005230757204 ,  1.179865944402787
0.2820181313815718 , -0.20658079580493818 ,  0.33896834565181716
0.24945626578942193 , 0.007478361472173331 ,  0.4339573524767896
-0.39574555701857284 , -0.013957014282169868 ,  0.37042055659984163
0.22275177612488353 , 0.49101784425014106 ,  0.8341140959593567
0.040843874671420685 , 0.11581157371652247 ,  0.2768243780968515
0.04138473452728883 , 0.6411939179232767 ,  0.7390024332992339
0.44069197285653283 , 0.6260598231032389 ,  0.22134774699643073
-0.17677998856538402 , -0.3395865567674745 ,  -0.12456974007018773
0.3853804498455752 , -0.46948590503551824 ,  0.8809179331864064
0.2576547277439952 , -0.0691015678958612 ,  -0.18627335576166132
0.3056381774277731 , -0.37709327592869313 ,  0.2546242719651172
-0.34206114582961245 , 0.4334823144517626 ,  0.8097088507935551
0.4563089733709285 , 0.1529332838707076 ,  0.8498779181651244
-0.4499244126607844 , -0.09168310078229708 ,  0.23514868330418406
-0.3805231860082078 , 0.5754372260897648 ,  0.5916222808365801
-0.24724736613663165 , 0.1277604499474615 ,  0.95836015419135
-0.053967957080040804 , -0.393430847566281 ,  0.4384542726627471
-0.5781723798705639 , 0.34404041789544665 ,  0.4032022734096717
0.13949961802653482 , -0.0028548765208816773 ,  0.17985421554111003
-0.5878841949770127 , -0.24331961939864977 ,  0.8713596203787114
-0.43721947708564946 , -0.24024444058892241 ,  0.36560074305355916
-0.4310526934775502 , 0.39237534531786095 ,  0.3542072571611691
-0.35554773267819567 , 0.5117243766990491 ,  0.2440513050819373
-0.5213724920741157 , 0.07001502649218647 ,  0.9285044924609492
0.2626773635375762 , -0.4223150988304681 ,  0.7329552171586866
0.11719213064720267 , -0.4082487817459967 ,  0.8239550139772769
0.2972871242216017 , 0.37621227805703045 ,  0.734767148929613
-0.8154686156559762 , 0.17831129250594072 ,  0.1401447899801136
-0.43441672080101024 , 0.33029995867376444 ,  0.4606996370905484
0.24574838970924612 , 0.2369832724376727 ,  0.1904368906641232
0.5099719455987661 , -0.3149661168400516 ,  0.8060538364610912
0.2751499397689173 , 0.6991918276027033 ,  0.3259397873635936
-0.722238979729261 , 0.03381027127991927 ,  0.5179004503968373
-0.052087558356600824 , 0.31628914928619767 ,  0.41143264028813703
-0.2632266475094034 , -0.03271479106016946 ,  0.6432275284432205
-0.30692976252244547 , -0.1735001035801898 ,  0.17036837553864442
0.46309689506380103 , 0.12105316198628537 ,  0.6469914706899782
0.08169847316252059 , 0.4384073915368001 ,  0.47129731675723036
-0.20507033228483607 , 0.6520918592648963 ,  0.531301561065867
-0.45836579031364916 , 0.07983883325195108 ,  0.31760736797943195
-0.25702674898590205 , -0.12988020099329023 ,  0.4382991352407901
-0.49674185449408065 , 0.3834474813988631 ,  0.15819106248668002
0.2081277906735501 , -0.07760438301407337 ,  0.9066123802382766
-0.2247906067770609 , 0.21229505907243365 ,  0.14024505122186237
-0.010340295942901053 , 0.2694015903965755 ,  0.4507576977490289
0.13004789725221372 , -0.6582050434092365 ,  0.8594224308291663
0.5770453046260305 , 0.37246889409660233 ,  0.17291223134724953
0.014007525386962108 , 0.043921154589108245 ,  -0.01875858959890453
0.6496410295243644 , 0.3706555037422748 ,  0.5765057056007146
0.3002793272481169 , -0.07113159962103573 ,  0.48953101026904
0.1527579420651196 , 0.24650914243264405 ,  0.4506494423710805
0.28821993927204187 , -0.012862242333073351 ,  0.38500645877568646
0.33060562393438736 , -0.5310728235483944 ,  0.5688442160623706
0.311467034000845 , 0.08978214291018533 ,  0.26920029571758974
-0.6642620003244725 , -0.07186007247049002 ,  0.25110101446314975
0.06622331106666751 , -0.45945121857834126 ,  1.0239815423436207
-0.4361100641701725 , -0.6073150156098498 ,  0.32195645511381965
0.7037357351073483 , 0.47359615180945885 ,  0.280140946074484
-0.24273590410805446 , 0.4822757569451811 ,  0.4837484364783596
-0.0625724917621532 , 0.426995294162499 ,  0.9272435748883906
0.5014722882158125 , 0.2874790941161986 ,  0.39274318751034354
-0.10072914549462836 , 0.5191605728200865 ,  0.1547637209057579
-0.6917499746969621 , 0.15565120370048957 ,  0.715084634318356
0.5240248689391358 , -0.21156076643422078 ,  0.7532991303113927
0.19185423774528093 , 0.23945864253568785 ,  0.34124836160042965
-0.005337033765472763 , 0.2345431452268047 ,  0.36470718044953676
0.16845452486846496 , 0.11061770323043035 ,  1.0477701090962923
0.7804482986559789 , 0.01123276935904282 ,  0.535258415887935
0.24637072368564916 , 0.28211962561904935 ,  1.033356266520627
-0.16503432682847977 , 0.06188528258159569 ,  1.1593748243403437
-0.5146538342430261 , 0.31176570945025817 ,  0.7314134068900976
-0.07797650849523671 , -0.010291462549190777 ,  -0.03838038797610321
-0.31280262500913547 , 0.059909856497351394 ,  0.26631782442064544
0.17903839950246941 , -0.21951633688038616 ,  0.790143937009493
-0.41371900653621924 , -0.41797127226045744 ,  0.6822972988700396
0.10171148899220123 , -0.4287511850644832 ,  0.36900449151079795
0.15990052711930292 , 0.33147395290180015 ,  0.39152688925291923
0.58647413650328 , 0.3709213802377212 ,  0.808564436495596
-0.4601574438314187 , 0.33775115169336806 ,  0.9264719212999425
0.3402391169720662 , 0.35434920784753793 ,  0.7732734319934417
0.07157679072373983 , 0.680662115379279 ,  0.6354957706542645
0.2570707698743813 , 0.4237450578083871 ,  0.9286458232113022
-0.25475655236478445 , -0.02453772595934538 ,  1.1052161380554855
-0.30815754899927095 , -0.21561358316284163 ,  0.5206825293081393
0.534992036866388 , -0.05845532073271074 ,  0.8650648645650825
-0.24827034476419427 , -0.7057834389717785 ,  0.501649242683459
-0.06065010669023324 , -0.18935828799737425 ,  -0.012821262545673423
-0.11816430656796015 , 0.1051511680004189 ,  0.8582352269260644
0.012909125142465248 , -0.009459517763682021 ,  0.5950515907739828
-0.4418157998940925 , -0.6615633176748041 ,  0.42188688009173353
-0.043128772364214835 , -0.044772405033756485 ,  0.25903220228819335
-0.535835746811199 , 0.6450350349094816 ,  0.3351699844582775
